talentid,first_name,last_name,suffix,birth_date,gender
0000002,Lauren,Bacall,,1924-09-16,F
0000008,Marlon,Brando,,1924-04-03,M
0000020,Henry,Fonda,,1905-05-16,M
0000024,John,Gielgud,,1904-04-14,M
0000027,Alec,Guinness,,1914-04-02,M
0000031,Katharine,Hepburn,,1907-05-12,F
0000044,Burt,Lancaster,,1913-11-02,M
0000051,James,Mason,(I),1909-05-15,M
0000052,Marcello,Mastroianni,,1924-09-28,M
0000056,Paul,Newman,(I),1925-01-26,M
0000090,Armin,Mueller-Stahl,,1930-12-17,M
0000093,Brad,Pitt,,1963-12-18,M
0000099,Patricia,Arquette,,1968-04-08,F
0000101,Dan,Aykroyd,,1952-07-01,M
0000107,Kim,Basinger,,1953-12-08,F
0000110,Kenneth,Branagh,,1960-12-10,M
0000113,Sandra,Bullock,,1964-07-26,F
0000115,Nicolas,Cage,,1964-01-07,M
0000123,George,Clooney,(I),1961-05-06,
0000124,Jennifer,Connelly,,1970-12-12,F
0000125,Sean,Connery,,1930-08-25,M
0000126,Kevin,Costner,,1955-01-18,M
0000128,Russell,Crowe,,1964-04-07,M
0000129,Tom,Cruise,,1962-07-03,M
0000133,Geena,Davis,,1956-01-21,F
0000134,Robert,De Niro,,1943-08-17,M
0000136,Johnny,Depp,,1963-06-09,M
0000138,Leonardo,DiCaprio,,1974-11-11,M
0000140,Michael,Douglas,(I),1944-09-25,M
0000142,Clint,Eastwood,,1930-05-31,M
0000146,Ralph,Fiennes,,1962-12-22,M
0000147,Colin,Firth,,1960-09-10,M
0000149,Jodie,Foster,,1962-11-19,F
0000151,Morgan,Freeman,(I),1937-06-01,M
0000155,Whoopi,Goldberg,,1955-11-13,F
0000158,Tom,Hanks,,1956-07-09,M
0000160,Ethan,Hawke,,1970-11-06,M
0000161,Salma,Hayek,,1966-09-02,F
0000163,Dustin,Hoffman,,1937-08-08,M
0000164,Anthony,Hopkins,(I),1937-12-31,M
0000166,Helen,Hunt,(I),1963-06-15,F
0000168,Samuel L.,Jackson,,1948-12-21,M
0000169,Tommy Lee,Jones,,1946-09-15,M
0000172,Harvey,Keitel,,1939-05-13,M
0000173,Nicole,Kidman,,1967-06-20,F
0000177,Kevin,Kline,(I),1947-10-24,M
0000178,Diane,Lane,(I),1965-01-22,F
0000179,Jude,Law,,1972-12-29,M
0000190,Matthew,McConaughey,,1969-11-04,M
0000194,Julianne,Moore,,1960-12-03,F
0000195,Bill,Murray,(I),1950-09-21,M
0000197,Jack,Nicholson,(I),1937-04-22,M
0000198,Gary,Oldman,,1958-03-21,M
0000199,Al,Pacino,(I),1940-04-25,M
0000201,Michelle,Pfeiffer,,1958-04-29,F
0000203,River,Phoenix,,1970-08-23,M
0000204,Natalie,Portman,,1981-06-09,F
0000209,Tim,Robbins,(I),1958-10-16,M
0000210,Julia,Roberts,(I),1967-10-28,F
0000213,Winona,Ryder,,1971-10-29,F
0000215,Susan,Sarandon,,1946-10-04,F
0000218,Kristin,Scott Thomas,,1960-05-24,F
0000223,Elisabeth,Shue,,1963-10-06,F
0000226,Will,Smith,(I),1968-09-25,M
0000227,Mira,Sorvino,,1967-09-28,F
0000228,Kevin,Spacey,,1959-07-26,M
0000232,Sharon,Stone,(I),1958-03-10,F
0000234,Charlize,Theron,,1975-08-07,F
0000235,Uma,Thurman,,1970-04-29,F
0000236,Jennifer,Tilly,,1958-09-16,F
0000237,John,Travolta,(I),1954-02-18,M
0000242,Mark,Wahlberg,(I),1971-06-05,M
0000243,Denzel,Washington,,1954-12-28,M
0000244,Sigourney,Weaver,,1949-10-08,F
0000245,Robin,Williams,(I),1951-07-21,M
0000249,James,Woods,(I),1947-04-18,M
0000250,Renée,Zellweger,,1969-04-25,F
0000254,Isabelle,Adjani,,1955-06-27,F
0000257,Alan,Alda,,1936-01-28,M
0000260,Joan,Allen,(I),1956-08-20,F
0000267,Julie,Andrews,(I),1935-10-01,F
0000271,Anne,Archer,(I),1947-08-24,F
0000273,Alan,Arkin,,1934-03-26,M
0000285,Alec,Baldwin,,1958-04-03,M
0000288,Christian,Bale,,1974-01-30,M
0000291,Angela,Bassett,,1958-08-16,F
0000297,Tom,Berenger,,1949-05-31,M
0000298,Candice,Bergen,,1946-05-09,F
0000300,Juliette,Binoche,,1964-03-09,F
0000307,Helena,Bonham Carter,,1966-05-26,F
0000313,Jeff,Bridges,(I),1949-12-04,M
0000323,Michael,Caine,(I),1933-03-14,M
0000330,Stockard,Channing,,1944-02-13,F
0000332,Don,Cheadle,,1964-11-29,M
0000333,Cher (I),,,1946-05-20,F
0000335,Glenn,Close,,1947-03-19,F
0000336,James,Coburn,(I),1928-08-31,M
0000342,James,Cromwell,(I),1940-01-27,M
0000349,Joan,Cusack,,1962-10-11,F
0000353,Willem,Dafoe,,1955-07-22,M
0000354,Matt,Damon,,1970-10-08,M
0000358,Daniel,Day-Lewis,,1957-04-29,M
0000366,Catherine,Deneuve,,1943-10-22,F
0000367,Gérard,Depardieu,,1948-12-27,M
0000368,Laura,Dern,,1967-02-10,F
0000369,Matt,Dillon,(I),1964-02-18,M
0000375,Robert,Downey Jr.,,1965-04-04,M
0000377,Richard,Dreyfuss,,1947-10-29,M
0000378,Minnie,Driver,,1970-01-31,F
0000380,Robert,Duvall,,1931-01-05,M
0000398,Sally,Field,,1946-11-06,F
0000401,Laurence,Fishburne,,1961-07-30,M
0000404,Jane,Fonda,,1937-12-21,F
0000412,Andy,Garcia,(I),1956-04-12,M
0000414,Teri,Garr,,1947-12-11,F
0000421,Cuba,Gooding Jr.,,1968-01-02,M
0000429,Melanie,Griffith,,1957-08-09,F
0000432,Gene,Hackman,,1930-01-30,M
0000437,Woody,Harrelson,,1961-07-23,M
0000438,Ed,Harris,(I),1950-11-28,M
0000443,Goldie,Hawn,,1945-11-21,F
0000446,Mariel,Hemingway,,1961-11-22,F
0000450,Philip Seymour,Hoffman,,1967-07-23,M
0000453,Ian,Holm,,1931-09-12,M
0000454,Dennis,Hopper,,1936-05-17,M
0000456,Holly,Hunter,,1958-03-20,F
0000457,John,Hurt,,1940-01-22,M
0000458,William,Hurt,,1950-03-20,M
0000459,Timothy,Hutton,,1960-08-16,M
0000460,Jeremy,Irons,,1948-09-19,M
0000473,Diane,Keaton,,1946-01-05,F
0000474,Michael,Keaton,,1951-09-05,M
0000476,Sally,Kirkland,(I),1941-10-31,F
0000493,Jack,Lemmon,,1925-02-08,M
0000496,Juliette,Lewis,(I),1973-06-21,F
0000511,Shirley,MacLaine,,1934-04-24,F
0000513,William H.,Macy,,1950-03-13,M
0000515,Virginia,Madsen,,1961-09-11,F
0000518,John,Malkovich,,1953-12-09,M
0000531,Frances,McDormand,,1957-06-23,F
0000541,Bette,Midler,,1945-12-01,F
0000545,Helen,Mirren,,1945-07-26,F
0000552,Eddie,Murphy,(I),1961-04-03,M
0000553,Liam,Neeson,,1952-06-07,M
0000560,Nick,Nolte,,1941-02-08,M
0000564,Peter,O'Toole,(I),1932-08-02,M
0000565,Lena,Olin,,1955-03-22,F
0000569,Gwyneth,Paltrow,,1972-09-27,F
0000576,Sean,Penn,(I),1960-08-17,M
0000582,Joe,Pesci,,1943-02-09,M
0000592,Pete,Postlethwaite,,1946-02-07,M
0000599,Kathleen,Quinlan,,1954-11-19,F
0000603,Vanessa,Redgrave,,1937-01-30,F
0000604,John C.,Reilly,(I),1965-05-24,M
0000608,Burt,Reynolds,(I),1936-02-11,M
0000616,Eric,Roberts,(I),1956-04-18,M
0000619,Tim,Roth,(I),1961-05-14,M
0000620,Mickey,Rourke,,1952-09-16,M
0000634,Peter,Sellers,(I),1925-09-08,M
0000641,Gary,Sinise,,1955-03-17,M
0000651,Sissy,Spacek,,1949-12-25,F
0000657,David,Strathairn,,1949-01-26,M
0000658,Meryl,Streep,,1949-06-22,F
0000668,Emma,Thompson,(I),1959-04-15,F
0000671,Billy Bob,Thornton,,1955-08-04,M
0000672,Meg,Tilly,,1960-02-14,F
0000673,Marisa,Tomei,,1964-12-04,F
0000678,Kathleen,Turner,(I),1954-06-19,F
0000685,Jon,Voight,,1938-12-29,M
0000686,Christopher,Walken,,1943-03-31,M
0000690,Lesley Ann,Warren,,1946-08-16,F
0000700,Debra,Winger,,1955-05-16,F
0000701,Kate,Winslet,,1975-10-05,F
0000702,Reese,Witherspoon,,1976-03-22,F
0000719,F. Murray,Abraham,,1939-10-24,M
0000729,Casey,Affleck,,1975-08-12,M
0000732,Danny,Aiello,,1933-06-20,M
0000737,Jane,Alexander,(I),1939-10-28,F
0000747,Don,Ameche,,1908-05-31,M
0000843,Anne,Bancroft,(I),1931-09-17,F
0000849,Javier,Bardem,,1969-03-01,M
0000870,Kathy,Bates,(I),1948-06-28,F
0000886,Warren,Beatty,(I),1937-03-30,M
0000905,Roberto,Benigni,,1952-10-27,M
0000906,Annette,Bening,,1958-05-29,F
0000932,Halle,Berry,,1966-08-14,F
0000949,Cate,Blanchett,,1969-05-14,F
0000950,Brenda,Blethyn,,1946-02-20,F
0000966,Lorraine,Bracco,,1954-10-02,F
0000980,Jim,Broadbent,,1949-05-24,M
0000982,Josh,Brolin,,1968-02-12,M
0000983,Albert,Brooks,(I),1947-07-22,M
0000995,Ellen,Burstyn,,1932-12-07,F
0001046,Julie,Christie,(I),1941-04-14,F
0001049,Jill,Clayburgh,,1944-04-30,F
0001057,Toni,Collette,,1972-11-01,F
0001080,Lindsay,Crouse,,1948-05-12,F
0001109,Jaye,Davidson,(I),1968-03-21,M
0001114,Judy,Davis,(I),1955-04-23,F
0001117,Bruce,Davison,,1946-06-28,M
0001125,Benicio,Del Toro,,1967-02-19,M
0001132,Judi,Dench,,1934-12-09,F
0001136,Bruce,Dern,,1936-06-04,M
0001156,Olympia,Dukakis,,1931-06-20,
0001164,Charles,Durning,,1923-02-28,M
0001186,Denholm,Elliott,,1922-05-31,M
0001215,Albert,Finney,,1936-05-09,M
0001228,Peter,Fonda,(I),1940-02-23,M
0001233,Robert,Forster,(I),1941-07-13,M
0001258,James,Garner,(I),1928-04-07,M
0001283,Louis,Gossett Jr.,,1936-05-27,M
0001295,Graham,Greene,(II),1952-06-22,M
0001315,Marcia Gay,Harden,,1959-08-14,F
0001321,Richard,Harris,(I),1930-10-01,M
0001329,Nigel,Hawthorne,,1929-04-05,M
0001347,Barbara,Hershey,,1948-02-05,F
0001358,Hal,Holbrook,,1925-02-17,M
0001364,Bob,Hoskins,(I),1942-10-26,M
0001371,Tom,Hulce,,1953-12-06,M
0001373,Linda,Hunt,(I),1945-04-02,F
0001378,Anjelica,Huston,,1951-07-08,F
0001388,Amy,Irving,(I),1953-09-10,F
0001399,Marianne,Jean-Baptiste,,1967-04-26,F
0001401,Angelina,Jolie,,1975-06-04,F
0001416,Catherine,Keener,,1959-03-23,F
0001426,Ben,Kingsley,,1943-12-31,M
0001427,Greg,Kinnear,,1963-06-17,M
0001441,Christine,Lahti,(I),1950-04-04,
0001445,Martin,Landau,,1928-06-20,M
0001448,Jessica,Lange,(I),1949-04-20,F
0001449,Frank,Langella,,1938-01-01,M
0001451,Queen,Latifah,,1970-03-18,F
0001453,Piper,Laurie,,1932-01-22,F
0001467,Jared,Leto,,1971-12-26,M
0001473,Laura,Linney,,1964-02-05,F
0001475,John,Lithgow,(I),1945-10-19,M
0001496,Amy,Madigan,(I),1950-09-11,F
0001512,Mary Elizabeth,Mastrantonio,,1958-11-17,F
0001521,Mary,McDonnell,(I),1952-04-28,F
0001527,Elizabeth,McGovern,(I),1961-07-18,F
0001545,Dudley,Moore,,1935-04-19,M
0001546,Mary Tyler,Moore,,1936-12-29,F
0001550,Cathy,Moriarty,,1960-11-29,F
0001552,Pat,Morita,,1932-06-28,M
0001557,Viggo,Mortensen,,1958-10-20,M
0001570,Edward,Norton,(I),1969-08-18,M
0001574,Michael,O'Keefe,(I),1955-04-24,M
0001579,Edward James,Olmos,,1947-02-24,M
0001588,Jack,Palance,,1919-02-18,M
0001590,Chazz,Palminteri,,1952-05-15,M
0001593,Anna,Paquin,,1982-07-24,F
0001601,David,Paymer,,1954-08-30,M
0001609,Rosie,Perez,,1964-09-06,F
0001618,Joaquin,Phoenix,,1974-10-28,M
0001626,Christopher,Plummer,(I),1929-12-13,M
0001649,Anne,Ramsey,,1929-09-01,F
0001653,Stephen,Rea,(I),1946-10-31,M
0001655,Lynn,Redgrave,,1943-03-08,F
0001669,Miranda,Richardson,(I),1958-03-03,F
0001673,Jason,Robards,,1922-07-26,M
0001682,Mickey,Rooney,(I),1920-09-23,M
0001687,Gena,Rowlands,,1930-06-19,F
0001689,Mercedes,Ruehl,,1948-02-28,F
0001691,Geoffrey,Rush,,1951-07-06,M
0001702,Roy,Scheider,,1932-11-10,M
0001721,Chloë,Sevigny,,1974-11-18,F
0001731,Sam,Shepard,,1943-11-05,M
0001749,Maggie,Smith,(I),1934-12-28,F
0001767,Imelda,Staunton,,1956-01-09,F
0001777,Dean,Stockwell,,1936-03-05,M
0001784,Gloria,Stuart,,1910-07-04,F
0001788,Jessica,Tandy,,1909-06-07,F
0001800,Rip,Torn,,1931-02-06,M
0001804,Stanley,Tucci,(I),1960-11-11,M
0001832,Sam,Waterston,,1940-11-15,M
0001833,Emily,Watson,(I),1967-01-14,F
0001838,Rachel,Weisz,,1970-03-07,F
0001845,Forest,Whitaker,,1961-07-15,M
0001848,Dianne,Wiest,,1948-03-28,F
0001856,Oprah,Winfrey,,1954-01-29,F
0001858,Mare,Winningham,,1959-05-16,F
0001876,Catherine,Zeta-Jones,,1969-09-25,F
0001884,Max,von Sydow,(I),1929-04-10,M
0001903,Norma,Aleandro,,1936-05-02,F
0001919,Peggy,Ashcroft,,1907-12-22,F
0001923,Margaret,Avery,,1944-01-20,F
0001970,Klaus Maria,Brandauer,,1943-06-22,M
0002006,Thomas Haden,Church,,1960-06-17,M
0002018,Tom,Conti,,1941-11-22,M
0002039,Ruby,Dee,(I),1922-10-27,F
0002048,Melvyn,Douglas,,1901-04-05,M
0002070,Richard,Farnsworth,,1920-09-01,M
0002078,Frederic,Forrest,,1936-12-23,M
0002084,Brenda,Fricker,,1945-02-17,F
0002128,Tess,Harper,,1950-08-15,F
0002139,Judd,Hirsch,,1935-03-15,M
0002663,Diane,Ladd,,1935-11-29,F
0003817,Michael Clarke,Duncan,,1957-12-10,M
0004266,Anne,Hathaway,,1982-11-12,F
0004778,Adrien,Brody,,1973-04-14,M
0004851,Penélope,Cruz,,1974-04-28,F
0004937,Jamie,Foxx,,1967-12-13,M
0005023,Djimon,Hounsou,,1964-04-24,M
0005024,Terrence,Howard,(I),1969-03-11,M
0005028,Kate,Hudson,(I),1979-04-19,F
0005031,Felicity,Huffman,,1962-12-09,F
0005132,Heath,Ledger,,1979-04-04,M
0005162,Robert,Loggia,,1930-01-03,M
0005212,Ian,McKellen,,1939-05-25,M
0005216,Janet,McTeer,,1961-08-05,F
0005244,Fernanda,Montenegro,,1929-10-16,F
0005286,Haley Joel,Osment,,1988-04-10,M
0005460,Mary,Steenburgen,,1953-02-08,F
0005476,Hilary,Swank,,1974-07-30,F
0005569,Alfre,Woodard,,1952-11-08,F
0006890,Paul,Scofield,(I),1922-01-21,M
0010736,Amy,Adams,(III),1974-08-20,F
0013037,Shohreh,Aghdashloo,,1952-05-11,F
0056770,Adriana,Barraza,,1956-03-05,F
0057363,Barbara,Barrie,,1931-05-23,F
0067367,Bérénice,Bejo,,1976-07-07,F
0107281,Eileen,Brennan,(I),1932-09-03,F
0128360,Adolph,Caesar,,1933-12-05,M
0136797,Steve,Carell,,1962-08-16,M
0165101,Patricia,Clarkson,,1959-12-29,F
0168394,James,Coco,,1930-03-21,M
0172604,Pauline,Collins,,1940-09-03,F
0177896,Bradley,Cooper,(I),1975-01-05,M
0177933,Chris,Cooper,(I),1951-07-09,M
0182839,Marion,Cotillard,,1975-09-30,F
0183822,Tom,Courtenay,,1937-02-25,M
0205626,Viola,Davis,(I),1965-08-11,F
0227039,Melinda,Dillon,,1939-10-13,F
0241121,Jean,Dujardin,,1972-06-19,M
0251986,Jesse,Eisenberg,,1983-10-05,M
0252230,Chiwetel,Ejiofor,,1977-07-10,M
0267812,Vera,Farmiga,,1973-08-06,F
0290556,James,Franco,,1978-04-19,M
0306696,Vincent,Gardenia,,1920-01-07,M
0316079,Paul,Giamatti,,1967-06-06,M
0330143,Dexter,Gordon,(I),1923-02-27,M
0331516,Ryan,Gosling,,1980-11-12,M
0341737,Rachel,Griffiths,(I),1968-12-18,F
0350453,Jake,Gyllenhaal,,1980-12-19,M
0350454,Maggie,Gyllenhaal,,1977-11-16,F
0352466,Joan,Hackett,,1934-03-01,F
0355097,Jackie Earle,Haley,,1961-07-14,M
0365281,Rosemary,Harris,(I),1927-09-19,F
0370035,John,Hawkes,(I),1959-09-11,M
0377888,Justin,Henry,(I),1971-05-25,M
0378245,Taraji P.,Henson,,1970-09-11,F
0382676,William,Hickey,(I),1927-09-19,M
0413168,Hugh,Jackman,,1968-10-12,M
0420955,Richard,Jenkins,(I),1947-05-04,M
0428065,Felicity,Jones,(II),1983-10-17,F
0447695,Anna,Kendrick,(I),1985-08-09,F
0452860,Rinko,Kikuchi,,1981-01-06,F
0461136,Keira,Knightley,,1985-03-26,F
0499170,Eva,Le Gallienne,,1899-01-11 00:00:00,F
0502425,Melissa,Leo,(I),1960-09-14,F
0503627,Michael,Lerner,(I),1941-06-22,M
0556850,Marsha,Mason,(I),1942-04-03,F
0559144,Marlee,Matlin,,1965-08-24,F
0565250,Melissa,McCarthy,,1970-08-26,F
0594898,Mo'Nique,,,1967-12-11,F
0608090,Samantha,Morton,(I),1977-05-13,F
0625075,Kate,Nelligan,,1950-03-16,F
0628955,Haing S.,Ngor,,1940-03-22,M
0645683,Sophie,Okonedo,,1968-08-02,F
0654110,Clive,Owen,(I),1964-10-03,M
0656183,Geraldine,Page,,1924-11-22,F
0680983,Ellen,Page,,1987-02-21,F
0683253,Rosamund,Pike,,1979-01-27,F
0687506,Joan,Plowright,,1929-10-28,F
0696481,Robert,Preston,(I),1918-06-08,M
0719637,Jeremy,Renner,,1971-01-07,M
0724732,Ralph,Richardson,(I),1902-12-19,M
0728938,Emmanuelle,Riva,,1927-02-24,F
0738415,Howard E.,Rollins Jr.,,1950-10-17,M
0749263,Mark,Ruffalo,,1967-11-22,M
0752407,Amy,Ryan,(I),1968-05-03,F
0769311,Diana,Scarwid,,1955-08-27,F
0788335,Michael,Shannon,(V),1974-08-07,M
0799777,J.K.,Simmons,,1955-01-09,M
0815433,Ann,Sothern,,1909-01-22,F
0818055,Octavia,Spencer,,1970-05-25,F
0820053,June,Squibb,,1929-11-06,F
0822535,Kim,Stanley,(I),1925-02-11,F
0822972,Maureen,Stapleton,,1925-06-21,F
0842770,Tilda,Swinton,,1960-11-05,F
0910278,Julie,Walters,(I),1950-02-22,F
0910607,Christoph,Waltz,,1956-10-04,M
0913822,Ken,Watanabe,(I),1959-10-21,M
0915208,Naomi,Watts,,1968-09-28,F
0915865,Jacki,Weaver,,1947-05-25,F
0929489,Tom,Wilkinson,(I),1948-02-05,M
0931329,Michelle,Williams,(I),1980-09-09,F
0940946,Joanne,Woodward,(I),1930-02-27,F
1020089,Sally,Hawkins,(I),1976-04-27,F
1055413,Michael,Fassbender,,1977-04-02,M
1095720,Keisha,Castle-Hughes,,1990-03-24,F
1113550,Abigail,Breslin,(I),1996-04-14,F
1212722,Benedict,Cumberbatch,,1976-07-19,M
1297015,Emma,Stone,(III),1988-11-06,F
1503432,Catalina Sandino,Moreno,,1981-04-19,F
1519666,Eddie,Redmayne,,1982-01-06,M
1519680,Saoirse,Ronan,,1994-04-12,F
1567113,Jessica,Chastain,,1977-03-24,F
1617685,Jennifer,Hudson,(I),1981-09-12,F
1659547,Carey,Mulligan,,1985-05-28,F
1706767,Jonah,Hill,,1983-12-20,M
1913734,Rooney,Mara,,1985-04-17,F
2143282,Lupita,Nyong'o,,1983-03-01,F
2225369,Jennifer,Lawrence,(III),1990-08-15,F
2794962,Hailee,Steinfeld,,1996-12-11,F
2829737,Gabourey,Sidibe,,1983-05-06,F
4832920,Quvenzhané,Wallis,,2003-08-28,F
5831542,Barkhad,Abdi,,1985-04-10,M
